estacion,provincia,region,oaci,latitud,longitud,altura,nro,frecuencia_dias_precipitacion_gt_1mm_anual_amplitud,frecuencia_dias_precipitacion_gt_1mm_anual_cv,frecuencia_dias_precipitacion_gt_1mm_anual_max,frecuencia_dias_precipitacion_gt_1mm_anual_media,frecuencia_dias_precipitacion_gt_1mm_anual_min,frecuencia_dias_precipitacion_gt_1mm_anual_std,frecuencia_dias_precipitacion_gt_1mm_anual_total,humedad_relativa_porcentaje_anual_amplitud,humedad_relativa_porcentaje_anual_cv,humedad_relativa_porcentaje_anual_max,humedad_relativa_porcentaje_anual_media,humedad_relativa_porcentaje_anual_min,humedad_relativa_porcentaje_anual_std,humedad_relativa_porcentaje_anual_total,nubosidad_octavos_anual_amplitud,nubosidad_octavos_anual_cv,nubosidad_octavos_anual_max,nubosidad_octavos_anual_media,nubosidad_octavos_anual_min,nubosidad_octavos_anual_std,nubosidad_octavos_anual_total,precipitacion_mm_anual_amplitud,precipitacion_mm_anual_cv,precipitacion_mm_anual_max,precipitacion_mm_anual_media,precipitacion_mm_anual_min,precipitacion_mm_anual_std,precipitacion_mm_anual_total,temperatura_anual_amplitud,temperatura_anual_cv,temperatura_anual_max,temperatura_anual_media,temperatura_anual_min,temperatura_anual_std,temperatura_anual_total,temperatura_maxima_c_anual_amplitud,temperatura_maxima_c_anual_cv,temperatura_maxima_c_anual_max,temperatura_maxima_c_anual_media,temperatura_maxima_c_anual_min,temperatura_maxima_c_anual_std,temperatura_maxima_c_anual_total,temperatura_minima_c_anual_amplitud,temperatura_minima_c_anual_cv,temperatura_minima_c_anual_max,temperatura_minima_c_anual_media,temperatura_minima_c_anual_min,temperatura_minima_c_anual_std,temperatura_minima_c_anual_total,G0_verano_W_m2,G0_invierno_W_m2,declinacion_verano_grados,declinacion_invierno_grados,duracion_dia_verano_horas,duracion_dia_invierno_horas,angulo_cenital_mediodia_verano_grados,angulo_cenital_mediodia_invierno_grados,ghi,dhi,dni
aeroparque_aero,CAPITAL FEDERAL,Pampeana,SABE,-34.55,-58.4167,6.0,87582.0,3.0,0.1572,7.5,5.925,4.5,0.9314,71.1,11.3,0.0529,76.4,71.4417,65.1,3.7802,857.3,1.1,0.1123,4.2,3.625,3.1,0.407,43.5,62.9,0.2529,117.5,92.2417,54.6,23.3298,1106.9,13.2,0.2625,24.5,18.05,11.3,4.7383,216.6,14.0,0.2304,28.4,21.6083,14.4,4.978,259.3,12.4,0.3025,20.8,14.725,8.4,4.454,176.7,1405.913,1316.8187,-23.0859,23.4498,14.2757,9.6829,11.4641,57.9998,199.86391666666665,77.28377777777779,212.44079166666666
azul_aero,BUENOS AIRES,Pampeana,SAZA,-36.8167,-59.8833,147.0,87641.0,3.9,0.2332,7.3,5.5583,3.4,1.2965,66.7,17.9,0.0772,81.4,74.1,63.5,5.7225,889.2,1.0,0.0991,4.2,3.7333,3.2,0.3701,44.8,76.8,0.3301,113.9,77.9583,37.1,25.7374,935.5,14.7,0.374,21.6,14.1167,6.9,5.2796,169.4,16.3,0.2729,29.5,21.1667,13.2,5.7768,254.0,12.2,0.5673,14.0,7.7917,1.8,4.4199,93.5,1405.913,1316.8187,-23.0859,23.4498,14.4809,9.4737,13.7308,60.2664,198.29919444444445,75.43658333333333,218.66320833333336
bahia_blanca_aero,BUENOS AIRES,Pampeana,SAZB,-38.7,-62.15,83.0,87750.0,3.2,0.1973,6.7,4.975,3.5,0.9818,59.7,23.2,0.1186,75.2,64.6417,52.0,7.6662,775.7,1.2,0.1163,4.1,3.575,2.9,0.4159,42.9,38.9,0.2962,70.6,53.2583,31.7,15.7777,639.1,16.0,0.3697,23.6,15.4083,7.6,5.6962,184.9,17.3,0.2758,31.2,22.425,13.9,6.1846,269.1,13.9,0.53,16.3,9.2417,2.4,4.8985,110.9,1405.913,1316.8187,-23.0859,23.4498,14.6623,9.2886,15.6141,62.1498,201.66622222222222,72.50474999999999,231.54054166666666
bariloche_aero,RIO NEGRO,Patagonia,SAZS,-41.1333,-71.15,835.0,87765.0,10.8,0.5631,13.3,6.8167,2.5,3.8388,81.8,27.2,0.1569,79.1,65.0167,51.9,10.2024,780.2,2.7,0.223,5.4,4.0083,2.7,0.8939,48.1,150.8,0.7443,168.3,67.7083,17.5,50.3945,812.5,13.3,0.5706,15.4,8.4583,2.1,4.8263,101.5,16.5,0.4058,23.2,14.9333,6.7,6.0604,179.2,8.6,1.2221,7.0,2.5167,-1.6,3.0757,30.2,1405.913,1316.8187,-23.0859,23.4498,14.9141,9.0317,18.0474,64.5831,183.92819444444444,76.33841666666667,221.2419166666667
base_belgrano_ii,ANTARTIDA,Antártida,SAYB,-77.8667,-34.6167,256.0,89034.0,0.88,0.0847,4.54,4.29,3.66,0.3632,51.48,9.46,0.0319,86.4,84.565,76.94,2.6977,1014.78,1.5,0.1007,5.4,4.6083,3.9,0.4641,55.3,12.8,0.1539,42.78,34.0283,29.98,5.2374,408.34,18.3,-0.512,-2.6,-13.2167,-20.9,6.7667,-158.6,18.3,-0.6983,0.8,-9.75,-17.5,6.8086,-117.0,18.9,-0.3952,-6.1,-17.3833,-25.0,6.8695,-208.6,1405.913,1316.8187,-23.0859,23.4498,24.0,0.0,54.7808,101.3164,126.40911111111113,59.517527777777765,165.481125
base_carlini_ex_jubany,ANTARTIDA,Antártida,SAYJ,-62.2333,-58.65,11.0,89053.0,0.94,0.0353,8.62,8.1933,7.68,0.2889,98.32,4.94,0.0151,87.6,85.285,82.66,1.2872,1023.42,0.7,0.0368,7.1,6.775,6.4,0.2491,81.3,7.08,0.0625,41.74,37.68,34.66,2.3551,452.16,8.0,-1.7699,2.2,-1.65,-5.8,2.9203,-19.8,7.3,4.2382,4.3,0.6167,-3.0,2.6135,7.4,9.4,-0.8502,0.4,-4.0167,-9.0,3.4149,-48.2,1405.913,1316.8187,-23.0859,23.4498,19.2074,4.6033,39.1474,85.6831,101.24222222222221,63.41336111111112,97.71558333333333
base_esperanza,ANTARTIDA,Antártida,SAYE,-63.3833,-56.9833,24.0,88963.0,2.34,0.1045,7.94,7.1467,5.6,0.7467,85.76,5.62,0.026,85.02,82.9667,79.4,2.154,995.6,1.2,0.0646,6.3,5.6917,5.1,0.3679,68.3,10.94,0.1014,39.52,33.73,28.58,3.419,404.76,12.3,-1.0045,1.5,-4.525,-10.8,4.5456,-54.3,10.7,-4.9045,4.3,-0.8083,-6.4,3.9645,-9.7,13.8,-0.6366,-1.2,-7.975,-15.0,5.0769,-95.7,1405.913,1316.8187,-23.0859,23.4498,19.7699,4.0066,40.2974,86.8331,108.72055555555556,68.00230555555555,101.19633333333333
base_marambio,ANTARTIDA,Antártida,SAWB,-64.2333,-56.6167,198.0,89055.0,1.86,0.0637,8.62,7.6133,6.76,0.4848,91.36,7.54,0.026,90.2,85.0167,82.66,2.2079,1020.2,1.8,0.111,6.6,5.6833,4.8,0.6308,68.2,12.94,0.0931,41.74,34.4633,28.8,3.2097,413.56,14.1,-0.6706,-0.8,-8.0167,-14.9,5.3758,-96.2,12.4,-1.0644,1.7,-4.3333,-10.7,4.6125,-52.0,16.3,-0.5372,-3.0,-11.45,-19.3,6.1513,-137.4,1405.913,1316.8187,-23.0859,23.4498,20.2682,3.4695,41.1474,87.6831,128.39625,78.19358333333334,107.62237499999999
base_orcadas,ANTARTIDA,Antártida,SAYO,-60.7333,-44.7333,12.0,88968.0,1.64,0.1149,6.14,5.225,4.5,0.6002,62.7,2.1,0.0083,88.0,87.1683,85.9,0.7253,1046.02,1.3,0.0627,7.5,6.95,6.2,0.4359,83.4,10.58,0.0939,42.54,37.8717,31.96,3.5577,454.46,10.8,-1.2537,1.4,-3.1,-9.4,3.8863,-37.2,8.9,-27.5933,3.6,-0.1167,-5.3,3.2192,-1.4,13.7,-0.798,-0.4,-6.1167,-14.1,4.8813,-73.4,1405.913,1316.8187,-23.0859,23.4498,18.6022,5.2378,37.6474,84.1831,102.49388888888889,70.56280555555556,84.45629166666667
base_san_martin,ANTARTIDA,Antártida,SAYS,-68.1167,-67.1,7.0,89066.0,1.26,0.0481,8.62,7.99,7.36,0.3842,95.88,11.46,0.0464,82.66,78.035,71.2,3.6225,936.42,1.3,0.069,6.5,6.0667,5.2,0.4185,72.8,8.86,0.0853,41.74,36.4617,32.88,3.1117,437.54,13.4,-1.1046,1.9,-4.375,-11.5,4.8325,-52.5,11.8,-3.6645,4.5,-1.1417,-7.3,4.1836,-13.7,15.8,-0.7315,-0.5,-7.925,-16.3,5.7969,-95.1,1405.913,1316.8187,-23.0859,23.4498,24.0,0.0,45.0308,91.5664,124.60077777777776,73.97486111111111,98.77054166666666
bernardo_de_irigoyen_aero,MISIONES,NEA,SATI,-26.2667,-53.6667,815.0,87163.0,5.5,0.1866,12.0,9.4333,6.5,1.7603,113.2,12.4,0.0505,79.8,75.4583,67.4,3.8097,905.5,1.3,0.0797,5.3,4.7417,4.0,0.3777,56.9,171.5,0.2195,277.9,187.4667,106.4,41.1551,2249.6,8.0,0.1535,22.9,19.275,14.9,2.9588,231.3,8.8,0.1325,28.1,24.225,19.3,3.2105,290.7,7.8,0.1819,19.0,15.3833,11.2,2.7983,184.6,1405.913,1316.8187,-23.0859,23.4498,13.6191,10.3519,3.1808,49.7164,198.3715277777778,85.35741666666665,194.89466666666667
bolivar_aero,BUENOS AIRES,Pampeana,SAZI,-36.1833,-61.0667,94.0,87640.0,4.5,0.272,8.0,5.8333,3.5,1.5865,70.0,15.8,0.0688,81.8,74.7833,66.0,5.1437,897.4,0.9,0.0977,4.2,3.7417,3.3,0.3655,44.9,97.6,0.4086,133.0,84.8417,35.4,34.6628,1018.1,15.0,0.3556,22.3,14.9917,7.3,5.3304,179.9,15.8,0.2564,29.6,21.9333,13.8,5.6229,263.2,13.0,0.5249,15.0,8.7583,2.0,4.5971,105.1,1405.913,1316.8187,-23.0859,23.4498,14.4222,9.5335,13.0974,59.6331,200.7891666666667,73.331,224.85245833333337
buenos_aires_observatorio,CAPITAL FEDERAL,Pampeana,SABA,-34.5833,-58.4833,25.0,87585.0,3.0,0.164,7.9,6.375,4.9,1.0454,76.5,15.9,0.0758,78.7,71.2333,62.8,5.3962,854.8,1.1,0.1152,4.3,3.7083,3.2,0.4274,44.5,72.9,0.2553,134.4,104.8,61.5,26.7578,1257.6,13.9,0.2724,24.9,18.0833,11.0,4.9252,217.0,14.6,0.2258,30.1,22.975,15.5,5.1881,275.7,12.7,0.3275,20.2,13.825,7.5,4.5281,165.9,1405.913,1316.8187,-23.0859,23.4498,14.2786,9.6799,11.4974,58.0331,199.86391666666665,77.28377777777779,212.44079166666666
catamarca_aero,CATAMARCA,NOA,SANC,-28.5833,-65.75,464.0,87222.0,6.4,0.6424,7.0,3.5167,0.6,2.2591,42.2,26.0,0.1679,66.5,54.7167,40.5,9.1856,656.6,1.1,0.1261,3.5,3.1,2.4,0.3908,37.2,78.0,0.8654,80.9,34.2583,2.9,29.6474,411.1,16.1,0.2792,27.8,21.0417,11.7,5.8754,252.5,14.4,0.1859,34.6,28.375,20.2,5.2754,340.5,17.4,0.4352,21.9,14.5833,4.5,6.3468,175.0,1405.913,1316.8187,-23.0859,23.4498,13.7905,10.1773,5.4974,52.0331,215.40283333333332,76.8753611111111,246.17941666666664
ceres_aero,SANTA FE,Pampeana,SANW,-29.8667,-61.9333,88.0,87257.0,6.1,0.4819,7.4,4.825,1.3,2.325,57.9,14.6,0.072,80.8,73.2,66.2,5.2738,878.4,1.1,0.1099,4.1,3.4333,3.0,0.3774,41.2,138.9,0.6841,147.3,78.6,8.4,53.7697,943.2,13.9,0.2566,25.5,19.075,11.6,4.8938,228.9,13.2,0.1796,32.3,26.1,19.1,4.6889,313.2,13.3,0.3542,19.4,13.25,6.1,4.6932,159.0,1405.913,1316.8187,-23.0859,23.4498,13.8891,10.0768,6.7808,53.3164,207.0114166666667,77.20244444444445,218.51579166666667
chamical_aero,LA RIOJA,NOA,SACT,-30.3333,-66.2833,461.0,87320.0,5.4,0.6835,5.8,3.0417,0.4,2.0791,36.5,23.8,0.1498,70.3,58.7167,46.5,8.7983,704.6,1.7,0.1714,3.9,3.225,2.2,0.5529,38.7,90.7,0.9321,93.4,38.3417,2.7,35.7392,460.1,16.0,0.2895,27.0,19.875,11.0,5.7536,238.5,15.2,0.2088,33.8,26.875,18.6,5.6125,322.5,15.6,0.4043,20.6,13.7417,5.0,5.5551,164.9,1405.913,1316.8187,-23.0859,23.4498,13.9257,10.0396,7.2474,53.7831,226.91741666666667,69.83358333333332,270.6840833333334
chilecito_aero,LA RIOJA,NOA,SANO,-29.2167,-67.4333,947.0,87213.0,4.56,0.8585,4.86,2.0217,0.3,1.7356,24.26,17.5,0.0989,68.5,59.4233,51.0,5.8783,713.08,1.7,0.2113,3.6,2.8167,1.9,0.5952,33.8,51.74,1.0652,52.94,17.1817,1.2,18.3015,206.18,16.2,0.3176,25.7,18.5917,9.5,5.9046,223.1,15.7,0.2194,33.7,26.5917,18.0,5.833,319.1,17.6,0.5755,19.1,11.2167,1.5,6.4553,134.6,1405.913,1316.8187,-23.0859,23.4498,13.8388,10.1281,6.1308,52.6664,242.86008333333334,75.30875000000002,304.18787499999996
comodoro_rivadavia_aero,CHUBUT,Patagonia,SAVC,-45.7833,-67.45,46.0,87860.0,2.6,0.266,4.2,2.8917,1.6,0.7692,34.7,20.0,0.1441,59.0,49.3333,39.0,7.1069,592.0,0.4,0.0362,4.5,4.3833,4.1,0.1586,52.6,26.5,0.418,37.2,21.5083,10.7,8.9903,258.1,13.1,0.3548,19.8,13.175,6.7,4.6751,158.1,15.3,0.2952,26.3,18.6917,11.0,5.5173,224.3,10.8,0.4825,13.5,8.0083,2.7,3.8644,96.1,1405.913,1316.8187,-23.0859,23.4498,15.464,8.4701,22.6974,69.2331,181.38008333333332,71.43302777777778,223.6424166666666
concordia_aero,ENTRE RIOS,NEA,SAAC,-31.3,-58.0,37.0,87395.0,3.8,0.1834,8.1,6.4167,4.3,1.1769,77.0,17.0,0.0803,81.6,73.0,64.6,5.8628,876.0,1.1,0.1152,4.0,3.3417,2.9,0.3848,40.1,117.9,0.3101,173.2,122.3333,55.3,37.935,1468.0,13.5,0.2513,25.6,18.95,12.1,4.7628,227.4,14.1,0.1997,31.9,24.8833,17.8,4.9684,298.6,12.1,0.3177,19.5,13.55,7.4,4.3049,162.6,1405.913,1316.8187,-23.0859,23.4498,14.0027,9.9611,8.2141,54.7498,200.58005555555553,78.79611111111112,210.58441666666667
cordoba_aero,CORDOBA,Pampeana,SACO,-31.2833,-64.2,495.0,87344.0,7.9,0.619,8.6,5.0083,0.7,3.1,60.1,20.1,0.1093,75.1,65.9833,55.0,7.2149,791.8,1.3,0.0915,4.3,3.7,3.0,0.3384,44.4,140.5,0.7694,146.5,71.3583,6.0,54.9036,856.3,13.7,0.2809,23.5,17.2583,9.8,4.8485,207.1,12.2,0.177,29.9,24.3917,17.7,4.3175,292.7,13.8,0.4445,17.5,11.15,3.7,4.9563,133.8,1405.913,1316.8187,-23.0859,23.4498,14.0014,9.9624,8.1974,54.7331,209.88300000000004,76.99427777777778,236.59224999999995
cordoba_observatorio,CORDOBA,Pampeana,SACK,-31.4167,-64.1833,425.0,87345.0,8.6,0.6122,9.6,5.325,1.0,3.26,63.9,17.9,0.1018,73.6,65.15,55.7,6.6315,781.8,1.3,0.0961,4.1,3.5167,2.8,0.338,42.2,137.2,0.7617,143.9,67.9667,6.7,51.7677,815.6,13.9,0.2691,24.7,18.3833,10.8,4.9466,220.6,12.8,0.1794,31.2,25.3417,18.4,4.5472,304.1,13.4,0.3763,18.9,12.75,5.5,4.798,153.0,1405.913,1316.8187,-23.0859,23.4498,14.0121,9.9515,8.3308,54.8664,209.88300000000004,76.99427777777778,236.59224999999995
coronel_pringles_aero,BUENOS AIRES,PAMPEANA,SAZP,-38.0,-61.33,247.0,87751.0,4.3,0.2393,7.6,5.6583,3.3,1.3541,67.9,18.3,0.0849,79.5,71.3917,61.2,6.0614,856.7,1.0,0.0979,4.3,3.8583,3.3,0.3777,46.3,70.7,0.3907,93.2,62.775,22.5,24.5272,753.3,15.3,0.4008,21.5,13.65,6.2,5.4705,163.8,16.8,0.2881,29.3,20.7333,12.5,5.9735,248.8,12.6,0.6303,13.7,7.225,1.1,4.5539,86.7,1405.913,1316.8187,-23.0859,23.4498,14.5936,9.3587,14.9141,61.4498,200.38,72.772,227.73058333333333
coronel_suarez_aero,BUENOS AIRES,Pampeana,SAZC,-37.45,-61.8833,233.0,87637.0,4.3,0.3155,7.0,5.2,2.7,1.6407,57.2,20.6,0.0916,81.5,72.5091,60.9,6.6442,797.6,0.9,0.0887,4.4,3.9745,3.5,0.3526,43.72,70.1,0.425,94.2,62.9818,24.1,26.7641,692.8,14.5,0.4004,21.3,13.1436,6.8,5.2632,144.58,16.5,0.2855,29.0,20.1909,12.5,5.7638,222.1,13.4,0.7186,13.8,6.4636,0.4,4.6446,71.1,1405.913,1316.8187,-23.0859,23.4498,14.5407,9.4127,14.3641,60.8998,200.38,72.772,227.73058333333333
corrientes_aero,CORRIENTES,NEA,SARC,-27.4333,-58.75,62.0,87166.0,5.2,0.2877,8.3,6.2583,3.1,1.8007,75.1,11.9,0.0555,80.4,74.125,68.5,4.1128,889.5,1.1,0.0862,4.3,3.6,3.2,0.3104,43.2,152.6,0.4858,184.8,121.2583,32.2,58.9079,1455.1,11.7,0.1951,26.9,21.375,15.2,4.1698,256.5,11.8,0.1536,33.0,27.3417,21.2,4.2005,328.1,11.2,0.243,21.6,16.35,10.4,3.9737,196.2,1405.913,1316.8187,-23.0859,23.4498,13.7044,10.265,4.3474,50.8831,202.84494444444442,77.58213888888888,206.6179583333333
dolores_aero,BUENOS AIRES,Pampeana,SAZD,-36.3167,-57.7167,9.0,87648.0,2.4,0.1375,7.4,6.1417,5.0,0.8447,73.7,14.1,0.0602,85.2,79.1917,71.1,4.7676,950.3,1.0,0.1064,4.0,3.55,3.0,0.3778,42.6,50.5,0.2123,109.2,82.2167,58.7,17.4539,986.6,13.8,0.3282,21.8,15.0583,8.0,4.9417,180.7,14.9,0.2506,28.5,21.25,13.6,5.3245,255.0,11.6,0.4334,15.4,9.675,3.8,4.1929,116.1,1405.913,1316.8187,-23.0859,23.4498,14.4344,9.521,13.2308,59.7664,194.5599722222222,77.43836111111112,212.48433333333332
el_bolson_aero,RIO NEGRO,Patagonia,SAVB,-41.95,-71.5333,326.0,87800.0,9.8,0.4649,13.6,7.875,3.8,3.6614,94.5,24.6,0.1289,83.8,72.1417,59.2,9.2983,865.7,2.5,0.1833,5.6,4.3667,3.1,0.8004,52.4,142.3,0.6507,173.1,75.4667,30.8,49.1063,905.6,13.8,0.4921,17.4,10.15,3.6,4.995,121.8,16.9,0.3608,25.7,17.3333,8.8,6.2545,208.0,8.3,0.825,7.9,3.6167,-0.4,2.9838,43.4,1405.913,1316.8187,-23.0859,23.4498,15.0036,8.9404,18.8641,65.3998,183.92819444444444,76.33841666666667,221.2419166666667
el_calafate_aero,SANTA CRUZ,Patagonia,SAWC,-50.2833,-72.05,204.0,87904.0,2.4,0.3074,3.8,2.6167,1.4,0.8043,31.4,31.8,0.1975,78.4,62.1917,46.6,12.2804,746.3,0.5,0.0313,4.8,4.4833,4.3,0.1403,53.8,13.4,0.3195,20.3,13.4,6.9,4.2815,160.8,13.3,0.6673,13.9,7.4333,0.6,4.9601,89.2,14.0,0.4085,19.2,12.7,5.2,5.1877,152.4,11.6,2.8243,7.2,1.4917,-4.4,4.2129,17.9,1405.913,1316.8187,-23.0859,23.4498,16.1162,7.8029,27.1974,73.7331,134.15716666666665,77.60033333333332,149.64204166666664
el_palomar_aero,BUENOS AIRES,Pampeana,SADP,-34.6,-58.6,12.0,87571.0,2.9,0.1668,7.3,5.8217,4.4,0.9709,69.86,16.6,0.0754,82.1,74.075,65.5,5.5852,888.9,1.0,0.1006,4.2,3.675,3.2,0.3696,44.1,61.8,0.2663,116.3,91.3933,54.5,24.3346,1096.72,14.4,0.302,24.1,17.0083,9.7,5.1369,204.1,13.78,0.2203,29.66,22.46,15.88,4.9488,269.52,13.16,0.3742,19.24,12.5617,6.08,4.7003,150.74,1405.913,1316.8187,-23.0859,23.4498,14.2801,9.6784,11.5141,58.0498,199.86391666666665,77.28377777777779,212.44079166666666
el_trebol,SANTA FE,PAMPEANA,,-32.2,-61.72,96.0,87447.0,5.8,0.3976,8.0,5.225,2.2,2.0776,62.7,12.3,0.0621,78.4,72.3667,66.1,4.4911,868.4,0.9,0.0921,4.1,3.5417,3.2,0.326,42.5,140.7,0.5912,160.0,82.0167,19.3,48.4899,984.2,14.3,0.2936,23.9,17.25,9.6,5.0642,207.0,13.8,0.2025,30.7,24.2667,16.9,4.9152,291.2,13.6,0.44,17.4,11.075,3.8,4.8731,132.9,1405.913,1316.8187,-23.0859,23.4498,14.076,9.8863,9.1141,55.6498,204.73519444444443,76.10680555555555,221.53166666666664
esquel_aero,CHUBUT,Patagonia,SAVE,-42.9,-71.1333,797.0,87803.0,6.1,0.4168,8.8,5.325,2.7,2.2194,63.9,28.0,0.1797,75.4,60.275,47.4,10.8321,723.3,1.5,0.1249,4.6,3.8667,3.1,0.483,46.4,60.8,0.5446,81.1,39.3833,20.3,21.4467,472.6,13.7,0.5734,15.4,8.6,1.7,4.9315,103.2,16.1,0.3936,22.3,14.5667,6.2,5.7342,174.8,11.0,1.2942,8.6,3.0,-2.4,3.8826,36.0,1405.913,1316.8187,-23.0859,23.4498,15.1112,8.8305,19.8141,66.3498,182.73177777777778,78.49733333333334,221.51087500000003
ezeiza_aero,BUENOS AIRES,Pampeana,SAEZ,-34.8167,-58.5333,20.0,87576.0,3.0,0.1691,7.5,5.7917,4.5,0.9793,69.5,15.6,0.0712,79.7,72.6667,64.1,5.1713,872.0,1.1,0.1104,4.5,3.9,3.4,0.4306,46.8,60.1,0.2648,108.5,84.575,48.4,22.3961,1014.9,14.3,0.2977,24.1,17.0417,9.8,5.0726,204.5,15.3,0.2372,30.3,22.7083,15.0,5.3868,272.5,12.7,0.3918,17.9,11.5417,5.2,4.522,138.5,1405.913,1316.8187,-23.0859,23.4498,14.2991,9.659,11.7308,58.2664,199.86391666666665,77.28377777777779,212.44079166666666
formosa_aero,FORMOSA,NEA,SARF,-26.2,-58.2167,60.0,87162.0,4.9,0.2638,8.3,6.3333,3.4,1.6708,76.0,11.9,0.0562,81.2,74.5083,69.3,4.1895,894.1,1.0,0.0671,4.5,3.9333,3.5,0.264,47.2,143.6,0.4386,178.4,117.2083,34.8,51.4051,1406.5,11.3,0.1802,27.7,22.45,16.4,4.0455,269.4,11.4,0.1422,34.1,28.6167,22.7,4.0691,343.4,11.0,0.225,22.5,17.375,11.5,3.9099,208.5,1405.913,1316.8187,-23.0859,23.4498,13.6143,10.3568,3.1141,49.6498,201.9707222222222,81.16088888888889,198.06595833333336
general_pico_aero,LA PAMPA,Pampeana,SAZG,-35.6833,-63.75,145.0,87532.0,5.1,0.3667,7.8,5.3833,2.7,1.9738,64.6,19.0,0.0937,78.0,68.0083,59.0,6.3734,816.1,1.0,0.1,4.0,3.45,3.0,0.3451,41.4,114.7,0.5833,130.6,73.7667,15.9,43.0312,885.2,15.8,0.3487,23.8,16.2667,8.0,5.6725,195.2,15.8,0.2436,30.9,23.3917,15.1,5.6982,280.7,14.6,0.5208,17.1,10.1,2.5,5.2596,121.2,1405.913,1316.8187,-23.0859,23.4498,14.3766,9.58,12.5974,59.1331,206.02833333333334,74.43502777777778,226.5482083333333
gobernador_gregores_aero,SANTA CRUZ,Patagonia,SAWR,-48.7667,-70.15,358.0,87880.0,2.0,0.1996,3.8,2.5167,1.8,0.5024,30.2,30.66,0.1947,74.36,56.0183,43.7,10.9086,672.22,0.7,0.0577,4.2,3.84,3.5,0.2217,46.08,8.1,0.243,16.2,10.45,8.1,2.5397,125.4,13.4,0.5443,15.3,9.055,1.9,4.9283,108.66,16.9,0.4216,22.6,14.7667,5.7,6.2252,177.2,11.6,1.124,9.2,3.7667,-2.4,4.2337,45.2,1405.913,1316.8187,-23.0859,23.4498,15.8799,8.0448,25.6808,72.2164,165.6209722222222,77.17844444444445,203.75887500000002
gualeguaychu_aero,ENTRE RIOS,NEA,SAAG,-33.0,-58.6,23.0,87497.0,3.4,0.1931,7.6,5.9833,4.2,1.1551,71.8,16.2,0.0741,82.0,74.275,65.8,5.5067,891.3,1.0,0.0969,4.1,3.525,3.1,0.3415,42.3,83.7,0.3134,140.2,101.5,56.5,31.8082,1218.0,14.2,0.2803,24.9,17.925,10.7,5.0249,215.1,14.6,0.2142,31.2,24.025,16.6,5.1455,288.3,12.8,0.3654,18.8,12.4583,6.0,4.5528,149.5,1405.913,1316.8187,-23.0859,23.4498,14.1426,9.8185,9.9141,56.4498,201.1626111111111,74.37947222222222,219.78224999999998
iguazu_aero,MISIONES,NEA,SARI,-25.7167,-54.4667,270.0,87097.0,5.5,0.1676,11.4,8.3167,5.9,1.394,99.8,12.8,0.0512,88.6,81.1417,75.8,4.1535,973.7,0.9,0.0814,4.1,3.65,3.2,0.297,43.8,163.3,0.2684,247.0,163.3083,83.7,43.8337,1959.7,9.9,0.1699,25.8,21.35,15.9,3.6265,256.2,9.8,0.1303,32.0,27.6833,22.2,3.6063,332.2,9.7,0.215,20.7,16.275,11.0,3.4999,195.3,1405.913,1316.8187,-23.0859,23.4498,13.5795,10.3922,2.6308,49.1664,202.15777777777774,83.69616666666666,197.05958333333334
jachal,SAN JUAN,Cuyo,SAMJ,-30.2167,-68.7333,1175.0,87305.0,3.1,0.6505,3.6,1.5083,0.5,0.9811,18.1,18.0,0.1099,66.2,57.3333,48.2,6.2994,688.0,1.2,0.1748,3.0,2.3583,1.8,0.4122,28.3,30.5,0.8872,32.3,10.2833,1.8,9.1238,123.4,18.2,0.3942,25.4,16.7667,7.2,6.6098,201.2,15.3,0.2193,32.9,25.6083,17.6,5.6158,307.3,19.0,0.9367,16.6,7.3833,-2.4,6.916,88.6,1405.913,1316.8187,-23.0859,23.4498,13.9165,10.0489,7.1308,53.6664,246.69430555555553,67.83983333333333,317.8427916666667
jujuy_aero,JUJUY,NOA,SASJ,-24.3833,-65.0833,907.0,87046.0,10.8,0.8118,11.3,5.2833,0.5,4.2891,63.4,31.5,0.1603,81.5,68.75,50.0,11.0193,825.0,2.6,0.1997,5.4,4.4083,2.8,0.8806,52.9,151.9,1.0234,154.0,60.0333,2.1,61.4392,720.4,12.1,0.2329,24.0,19.025,11.9,4.4305,228.3,10.8,0.1548,30.7,25.9583,19.9,4.0173,311.5,12.5,0.3418,18.5,13.3583,6.0,4.566,160.3,1405.913,1316.8187,-23.0859,23.4498,13.4853,10.4881,1.2974,47.8331,229.20061111111113,86.96555555555555,257.28950000000003
jujuy_u_n,JUJUY,NOA,,-24.18,-65.33,1302.0,87047.0,12.1,0.6487,13.8,7.3583,1.7,4.7731,88.3,22.3,0.1048,84.9,76.1167,62.6,7.9754,913.4,2.8,0.212,5.8,4.7167,3.0,0.9998,56.6,185.6,0.9562,191.5,79.2667,5.9,75.7928,951.2,11.1,0.2384,21.3,16.7417,10.2,3.9915,200.9,9.1,0.145,27.7,23.7,18.6,3.4362,284.4,12.2,0.382,16.7,11.65,4.5,4.4502,139.8,1405.913,1316.8187,-23.0859,23.4498,13.4711,10.5026,1.0941,47.6298,229.20061111111113,86.96555555555555,257.28950000000003
junin_aero,BUENOS AIRES,Pampeana,SAAJ,-34.55,-60.9167,81.0,87548.0,5.5,0.3455,8.6,5.75,3.1,1.9865,69.0,14.4,0.066,78.9,72.3583,64.5,4.7788,868.3,0.9,0.0951,4.0,3.5417,3.1,0.337,42.5,104.5,0.4508,134.2,92.1,29.7,41.5191,1105.2,14.3,0.317,23.0,16.1,8.7,5.104,193.2,14.6,0.2267,29.8,22.9417,15.2,5.2004,275.3,13.1,0.4614,16.5,10.1333,3.4,4.6755,121.6,1405.913,1316.8187,-23.0859,23.4498,14.2757,9.6829,11.4641,57.9998,200.21988888888885,75.06188888888887,217.844875
la_plata_aero,BUENOS AIRES,Pampeana,SADL,-34.95,-57.8833,23.0,87593.0,2.3,0.1291,7.4,6.15,5.1,0.7937,73.8,14.3,0.0606,85.1,78.875,70.8,4.7759,946.5,1.0,0.1092,4.1,3.6167,3.1,0.395,43.4,54.2,0.2015,112.8,89.3917,58.6,18.0114,1072.7,13.9,0.3064,23.1,16.1917,9.2,4.9608,194.3,14.7,0.2417,28.9,21.625,14.2,5.2265,259.5,12.2,0.3947,17.4,11.2667,5.2,4.4473,135.2,1405.913,1316.8187,-23.0859,23.4498,14.3109,9.647,11.8641,58.3998,199.35188888888888,80.84863888888889,211.72804166666666
la_quiaca_observatorio,JUJUY,NOA,SASQ,-22.1,-65.6,3459.0,87007.0,11.5,1.1283,11.5,3.7167,0.0,4.1937,44.6,37.5,0.3334,63.2,43.6167,25.7,14.544,523.4,3.6,0.4902,4.9,2.7333,1.3,1.3398,32.8,101.9,1.2452,101.9,27.5583,0.0,34.3149,330.7,9.4,0.3386,13.9,10.3,4.5,3.4876,123.6,6.4,0.11,22.5,19.7083,16.1,2.1673,236.5,13.9,2.8867,7.7,1.8583,-6.2,5.3644,22.3,1405.913,1316.8187,-23.0859,23.4498,13.3289,10.6474,0.9859,45.5498,271.9723333333333,81.41202777777778,322.0317916666667
la_rioja_aero,LA RIOJA,NOA,SANL,-29.3667,-66.7833,429.0,87217.0,6.6,0.7587,7.1,3.1917,0.5,2.4217,38.3,23.5,0.1462,71.1,60.1083,47.6,8.7891,721.3,1.9,0.1944,4.0,3.225,2.1,0.6269,38.7,87.0,0.9559,90.3,33.9083,3.3,32.4126,406.9,17.0,0.307,27.6,20.2667,10.6,6.2211,243.2,15.9,0.2075,35.4,28.15,19.5,5.8422,337.8,17.3,0.4458,21.5,14.025,4.2,6.2519,168.3,1405.913,1316.8187,-23.0859,23.4498,13.8504,10.1163,6.2808,52.8164,226.43330555555553,73.47638888888889,263.2377916666667
laboulaye_aero,CORDOBA,Pampeana,SAOL,-34.1167,-63.3667,137.0,87534.0,6.1,0.4609,8.0,5.2917,1.9,2.4389,63.5,13.9,0.0742,78.4,71.1583,64.5,5.2801,853.9,1.1,0.1129,4.0,3.4,2.9,0.3838,40.8,124.2,0.6207,137.4,77.75,13.2,48.2624,933.0,15.1,0.3366,23.2,16.0833,8.1,5.4138,193.0,14.7,0.2241,30.4,23.55,15.7,5.2764,282.6,14.1,0.5018,16.9,10.2083,2.8,5.1229,122.5,1405.913,1316.8187,-23.0859,23.4498,14.2379,9.7214,11.0308,57.5664,204.37844444444443,73.40861111111111,227.98299999999998
las_flores,BUENOS AIRES,Pampeana,SAEL,-36.0333,-59.1333,36.0,87563.0,2.9,0.2007,7.0,5.6,4.1,1.1241,67.2,13.7,0.0626,82.2,76.625,68.5,4.7953,919.5,0.9,0.0897,4.4,3.9167,3.5,0.3512,47.0,68.9,0.2989,118.8,81.725,49.9,24.4282,980.7,14.5,0.3328,22.6,15.4333,8.1,5.1364,185.2,15.8,0.2559,29.7,21.9,13.9,5.6037,262.8,12.0,0.459,15.2,9.4417,3.2,4.3333,113.3,1405.913,1316.8187,-23.0859,23.4498,14.4084,9.5476,12.9474,59.4831,198.29919444444445,75.43658333333333,218.66320833333336
las_lomitas,FORMOSA,NEA,SATK,-24.7,-60.5833,130.0,87078.0,6.1,0.4313,7.5,5.15,1.4,2.2212,61.8,20.8,0.0971,80.0,69.8667,59.2,6.7843,838.4,1.5,0.1075,4.5,3.7917,3.0,0.4078,45.5,144.5,0.6587,156.4,80.6,11.9,53.0916,967.2,11.7,0.1813,28.3,22.9917,16.6,4.169,275.9,11.7,0.1382,35.5,30.1833,23.8,4.1709,362.2,11.3,0.2326,22.1,17.1833,10.8,3.9961,206.2,1405.913,1316.8187,-23.0859,23.4498,13.5075,10.4655,1.6141,48.1498,202.48066666666668,84.26630555555555,192.22641666666664
malargue_aero,MENDOZA,Cuyo,SAMM,-35.4667,-69.5833,1425.0,87506.0,1.5,0.153,4.1,3.2083,2.6,0.4907,38.5,23.7,0.1619,63.7,52.0167,40.0,8.4193,624.2,1.4,0.1459,4.0,3.3167,2.6,0.484,39.8,16.1,0.1801,33.5,26.7167,17.4,4.8119,320.6,16.8,0.4977,20.6,12.1417,3.8,6.0429,145.7,17.3,0.304,29.1,20.375,11.8,6.1942,244.5,13.9,1.0659,11.6,4.675,-2.3,4.9829,56.1,1405.913,1316.8187,-23.0859,23.4498,14.357,9.5999,12.3808,58.9164,226.7413055555556,75.84263888888889,274.66925
maquinchao,RIO NEGRO,Patagonia,SAVQ,-41.2333,-68.7,888.0,87774.0,4.0,0.4436,5.4,2.88,1.4,1.2777,34.56,28.3,0.1746,72.4,57.7833,44.1,10.0862,693.4,1.4,0.1371,4.0,3.3417,2.6,0.4582,40.1,26.54,0.3753,35.44,19.9883,8.9,7.5016,239.86,18.0,0.6739,18.6,9.5333,0.6,6.4246,114.4,20.5,0.4354,26.7,16.725,6.2,7.2829,200.7,14.0,1.8879,9.6,2.6417,-4.4,4.9872,31.7,1405.913,1316.8187,-23.0859,23.4498,14.9249,9.0207,18.1474,64.6831,203.06094444444443,70.65408333333333,258.6304166666667
mar_del_plata_aero,BUENOS AIRES,Pampeana,SAZM,-37.9167,-57.5667,21.0,87692.0,2.0,0.1047,7.7,6.5333,5.7,0.684,78.4,9.3,0.0391,82.0,78.3167,72.7,3.0608,939.8,1.0,0.0933,4.7,4.1833,3.7,0.3904,50.2,45.8,0.2048,103.6,78.8333,57.8,16.1457,946.0,12.8,0.3305,20.3,13.95,7.5,4.6106,167.4,13.8,0.2495,26.4,19.625,12.6,4.8964,235.5,11.3,0.47,14.5,8.8333,3.2,4.152,106.0,1405.913,1316.8187,-23.0859,23.4498,14.5855,9.3669,14.8308,61.3664,190.92011111111114,76.54188888888888,209.28404166666664
marcos_juarez_aero,CORDOBA,Pampeana,SAOM,-32.6667,-62.15,114.0,87467.0,5.9,0.4269,7.7,5.1167,1.8,2.1842,61.4,13.7,0.0665,80.5,74.6,66.8,4.9611,895.2,0.9,0.0906,4.0,3.4417,3.1,0.3118,41.3,136.1,0.6112,148.6,78.55,12.5,48.0062,942.6,14.3,0.3029,23.5,16.9583,9.2,5.1364,203.5,13.6,0.202,30.4,24.275,16.8,4.9038,291.3,13.7,0.4563,17.2,10.8167,3.5,4.9354,129.8,1405.913,1316.8187,-23.0859,23.4498,14.1147,9.8469,9.5808,56.1164,205.54622222222224,75.59202777777779,222.02154166666665
mendoza_aero,MENDOZA,Cuyo,SAME,-32.8333,-68.7833,704.0,87418.0,3.5,0.4418,4.5,2.5167,1.0,1.1118,30.2,25.6,0.1693,69.1,54.8917,43.5,9.2925,658.7,1.0,0.083,3.7,3.1167,2.7,0.2588,37.4,42.2,0.7015,47.2,19.8333,5.0,13.9123,238.0,18.0,0.3752,25.9,17.3417,7.9,6.5067,208.1,17.5,0.2594,32.8,24.3667,15.3,6.3206,292.4,17.3,0.5631,19.3,11.0667,2.0,6.2316,132.8,1405.913,1316.8187,-23.0859,23.4498,14.1286,9.8327,9.7474,56.2831,231.65730555555555,71.19352777777777,290.481625
mendoza_observatorio,MENDOZA,Cuyo,SAMK,-32.8833,-68.8667,827.0,87420.0,3.3,0.3681,4.9,3.1167,1.6,1.1472,37.4,19.1,0.1166,70.4,59.3,51.3,6.9119,711.6,1.0,0.0833,3.7,3.0917,2.7,0.2575,37.1,36.2,0.566,44.3,22.25,8.1,12.5925,267.0,17.0,0.3755,24.4,16.25,7.4,6.1016,195.0,16.0,0.2517,30.7,22.9833,14.7,5.7844,275.8,15.4,0.505,18.3,10.8667,2.9,5.4877,130.4,1405.913,1316.8187,-23.0859,23.4498,14.1328,9.8285,9.7974,56.3331,231.65730555555555,71.19352777777777,290.481625
monte_caseros_aero,CORRIENTES,NEA,SARM,-30.25,-57.6333,54.0,87393.0,4.2,0.2001,8.4,6.5667,4.2,1.3138,78.8,14.0,0.065,81.5,74.1,67.5,4.8185,889.2,1.0,0.0931,4.2,3.5917,3.2,0.3343,43.1,135.5,0.3425,197.2,126.7583,61.7,43.4146,1521.1,13.1,0.2351,26.2,19.775,13.1,4.6494,237.3,13.5,0.1866,32.4,25.775,18.9,4.8093,309.3,11.8,0.2845,20.6,14.8,8.8,4.2106,177.6,1405.913,1316.8187,-23.0859,23.4498,13.9191,10.0462,7.1641,53.6998,202.31005555555555,75.99591666666667,214.81699999999992
neuquen_aero,NEUQUEN,Patagonia,SAZN,-38.95,-68.1333,271.0,87715.0,2.4,0.3019,4.0,2.475,1.6,0.7473,29.7,33.7,0.2334,70.9,53.5583,37.2,12.4987,642.7,2.2,0.2183,4.5,3.4417,2.3,0.7513,41.3,23.3,0.3815,32.9,17.6417,9.6,6.7302,211.7,18.1,0.437,24.1,14.9333,6.0,6.5265,179.2,19.0,0.3059,32.1,22.55,13.1,6.898,270.6,15.4,0.6818,15.9,8.1,0.5,5.5222,97.2,1405.913,1316.8187,-23.0859,23.4498,14.6873,9.2632,15.8641,62.3998,215.2696666666667,67.79144444444445,271.835625
nueve_de_julio,BUENOS AIRES,Pampeana,SAZX,-35.4333,-60.8667,76.0,87550.0,5.1,0.2938,8.3,5.925,3.2,1.741,71.1,16.3,0.077,78.9,71.0833,62.6,5.4719,853.0,1.0,0.1019,4.2,3.6,3.2,0.3668,43.2,101.6,0.4139,139.4,87.7833,37.8,36.3294,1053.4,14.8,0.3276,23.3,16.0917,8.5,5.2723,193.1,15.9,0.2471,30.5,22.8333,14.6,5.6423,274.0,12.6,0.4263,16.8,10.6,4.2,4.5193,127.2,1405.913,1316.8187,-23.0859,23.4498,14.354,9.603,12.3474,58.8831,198.55158333333335,74.00352777777779,218.188625
obera,MISIONES,NEA,SATO,-27.4833,-55.1167,303.0,87187.0,1.92,0.0731,9.5,8.555,7.58,0.6251,68.44,9.9,0.0486,84.6,79.5375,74.7,3.8634,636.3,0.7,0.0761,4.0,3.6125,3.3,0.2748,28.9,71.8,0.1314,215.2,172.6475,143.4,22.6907,1381.18,9.0,0.1547,24.7,20.5125,15.7,3.1742,164.1,10.1,0.1316,31.6,27.0375,21.5,3.5585,216.3,7.8,0.1797,19.3,15.5625,11.5,2.7964,124.5,1405.913,1316.8187,-23.0859,23.4498,13.7081,10.2612,4.3974,50.9331,198.38030555555554,79.03230555555557,199.577375
olavarria_aero,BUENOS AIRES,Pampeana,SAZF,-36.8833,-60.2167,166.0,87643.0,3.9,0.2649,7.4,5.5167,3.5,1.4615,66.2,17.1,0.0773,82.0,75.4333,64.9,5.8337,905.2,0.8,0.0811,4.5,4.075,3.7,0.3306,48.9,74.3,0.3513,111.8,76.1083,37.5,26.7387,913.3,15.2,0.382,21.7,14.075,6.5,5.3771,168.9,16.2,0.2739,29.0,20.8833,12.8,5.7206,250.6,12.5,0.564,14.1,7.9333,1.6,4.4744,95.2,1405.913,1316.8187,-23.0859,23.4498,14.4871,9.4673,13.7974,60.3331,199.21436111111112,74.3157777777778,221.79587500000002
oran_aero,SALTA,NOA,SASO,-23.15,-64.3167,357.0,87016.0,10.0,0.6889,10.7,5.75,0.7,3.9611,69.0,28.6,0.1319,84.3,73.3,55.7,9.6696,879.6,2.5,0.1675,5.7,4.8667,3.2,0.815,58.4,195.4,0.9376,198.4,80.6333,3.0,75.6004,967.6,11.5,0.1958,26.4,21.7167,14.9,4.2518,260.6,11.6,0.149,33.2,28.375,21.6,4.2281,340.5,12.0,0.2626,21.6,16.75,9.6,4.3982,201.0,1405.913,1316.8187,-23.0859,23.4498,13.4001,10.5749,0.0641,46.5998,198.4174722222222,91.23230555555556,183.77579166666666
parana_aero,ENTRE RIOS,NEA,SAAP,-31.7833,-60.4833,78.0,87374.0,4.5,0.3197,7.4,5.575,2.9,1.7823,66.9,14.7,0.074,79.6,71.7417,64.9,5.3122,860.9,1.0,0.1008,4.0,3.3667,3.0,0.3393,40.4,121.2,0.4919,152.0,96.2333,30.8,47.3395,1154.8,13.6,0.2623,25.0,18.3333,11.4,4.8086,220.0,14.3,0.2079,31.2,24.225,16.9,5.037,290.7,12.2,0.324,19.4,13.4,7.2,4.3418,160.8,1405.913,1316.8187,-23.0859,23.4498,14.0419,9.9212,8.6974,55.2331,205.42366666666666,74.20527777777778,222.31633333333335
paso_de_los_libres_aero,CORRIENTES,NEA,SARL,-29.6833,-57.1333,70.0,87289.0,4.2,0.1595,8.8,6.675,4.6,1.0644,80.1,14.5,0.0649,82.6,74.6833,68.1,4.846,896.2,0.9,0.0697,4.3,3.7917,3.4,0.2644,45.5,123.4,0.3229,180.4,126.475,57.0,40.8388,1517.7,12.6,0.2264,26.0,19.9083,13.4,4.5071,238.9,13.2,0.1815,32.2,25.8,19.0,4.6817,309.6,11.6,0.2763,20.6,14.95,9.0,4.1307,179.4,1405.913,1316.8187,-23.0859,23.4498,13.8749,10.0913,6.5974,53.1331,201.65349999999998,76.3428611111111,211.56833333333336
pehuajo_aero,BUENOS AIRES,Pampeana,SAZP,-35.8333,-61.85,87.0,87544.0,4.9,0.318,8.1,5.7167,3.2,1.818,68.6,15.4,0.0679,81.0,73.8333,65.6,5.0101,886.0,0.9,0.0965,4.2,3.725,3.3,0.3596,44.7,104.8,0.4812,128.6,78.3917,23.8,37.7218,940.7,15.2,0.3458,23.0,15.5833,7.8,5.388,187.0,15.6,0.2499,29.8,22.2833,14.2,5.5689,267.4,13.2,0.4831,16.2,9.75,3.0,4.7102,117.0,1405.913,1316.8187,-23.0859,23.4498,14.3902,9.5661,12.7474,59.2831,202.40869444444445,74.6448611111111,221.81099999999995
perito_moreno_aero,SANTA CRUZ,Patagonia,SAWP,-46.5333,-70.9833,429.0,87852.0,2.24,0.2225,4.38,3.0517,2.14,0.679,36.62,29.7,0.1823,76.8,60.7133,47.1,11.0693,728.56,0.6,0.0511,4.4,4.0333,3.8,0.206,48.4,21.94,0.3707,32.76,16.3683,10.82,6.0678,196.42,13.7,0.5672,15.4,8.7583,1.7,4.9682,105.1,15.1,0.3795,21.5,14.3033,6.4,5.4285,171.64,12.3,1.2505,9.5,3.5167,-2.8,4.3975,42.2,1405.913,1316.8187,-23.0859,23.4498,15.5632,8.3687,23.4474,69.9831,178.9224444444445,73.53802777777778,227.69566666666665
pigue_aero,BUENOS AIRES,Pampeana,SAZE,-37.6,-62.3833,304.0,87679.0,4.1,0.274,7.4,5.5167,3.3,1.5117,66.2,21.8,0.0998,78.9,69.125,57.1,6.8961,829.5,1.3,0.1181,4.7,4.0167,3.4,0.4745,48.2,76.7,0.4148,101.2,68.2,24.5,28.2896,818.4,15.4,0.4001,21.5,13.7833,6.1,5.5146,165.4,17.1,0.2994,28.9,20.4167,11.8,6.1134,245.0,13.1,0.6042,14.3,7.7083,1.2,4.6574,92.5,1405.913,1316.8187,-23.0859,23.4498,14.555,9.398,14.5141,61.0498,202.78808333333333,72.34713888888889,232.85854166666664
pilar_observatorio,CORDOBA,Pampeana,SACI,-31.6667,-63.8667,338.0,87349.0,7.3,0.6072,8.2,4.8167,0.9,2.9245,57.8,18.6,0.1011,76.5,68.225,57.9,6.8974,818.7,1.2,0.085,4.2,3.4917,3.0,0.2968,41.9,112.3,0.7236,118.4,62.8167,6.1,45.4511,753.8,14.1,0.2908,23.7,17.2583,9.6,5.0191,207.1,13.0,0.1919,30.1,24.1833,17.1,4.6409,290.2,13.8,0.4294,18.0,11.6083,4.2,4.985,139.3,1405.913,1316.8187,-23.0859,23.4498,14.0324,9.9308,8.5808,55.1164,209.16477777777777,76.4425,228.37170833333337
posadas_aero,MISIONES,NEA,SARP,-27.3833,-55.9667,125.0,87178.0,4.8,0.1495,10.4,7.6917,5.6,1.1501,92.3,12.1,0.0576,77.5,70.9167,65.4,4.0867,851.0,0.8,0.0662,4.0,3.5167,3.2,0.2329,42.2,166.3,0.298,253.4,156.1,87.1,46.5215,1873.2,10.9,0.1781,27.2,22.0667,16.3,3.929,264.8,11.0,0.1456,33.0,27.8417,22.0,4.0527,334.1,10.3,0.2117,22.1,17.2583,11.8,3.6535,207.1,1405.913,1316.8187,-23.0859,23.4498,13.7007,10.2688,4.2974,50.8331,198.38030555555554,79.03230555555557,199.577375
presidencia_roque_saenz_pena_a,CHACO,NEA,SARS,-26.7333,-60.4833,93.0,87148.0,5.6,0.3933,7.6,5.375,2.0,2.1141,64.5,18.8,0.0887,81.3,72.575,62.5,6.4383,870.9,1.7,0.1155,4.5,3.6083,2.8,0.4166,43.3,151.5,0.6265,164.3,86.075,12.8,53.927,1032.9,12.8,0.2134,27.1,21.3167,14.3,4.5481,255.8,11.7,0.1487,33.8,28.4917,22.1,4.2378,341.9,12.36,0.2845,21.44,15.3817,9.08,4.376,184.58,1405.913,1316.8187,-23.0859,23.4498,13.653,10.3174,3.6474,50.1831,204.76247222222221,80.8081111111111,203.45029166666666
puerto_deseado_aero,SANTA CRUZ,Patagonia,SAWD,-47.7333,-65.9,80.0,87896.0,0.94,0.0782,4.14,3.5933,3.2,0.281,43.12,20.4,0.1131,75.1,64.15,54.7,7.2575,769.8,0.8,0.0546,4.6,4.2333,3.8,0.2309,50.8,10.22,0.1571,27.24,22.445,17.02,3.5257,269.34,12.9,0.4537,16.4,10.1917,3.5,4.6239,122.3,15.8,0.3564,23.4,15.8833,7.6,5.6607,190.6,10.4,0.7047,10.5,5.3917,0.1,3.7994,64.7,1405.913,1316.8187,-23.0859,23.4498,15.7291,8.1991,24.6474,71.1831,172.1674444444444,69.27925,208.03408333333334
punta_indio_ba,BUENOS AIRES,Pampeana,SAAI,-35.35,-57.2833,22.0,87596.0,2.1,0.0939,7.4,6.375,5.3,0.5987,76.5,11.5,0.0478,86.8,81.9917,75.3,3.9179,983.9,0.9,0.0876,4.3,3.9083,3.4,0.3423,46.9,48.6,0.1689,116.1,86.7083,67.5,14.6493,1040.5,13.8,0.3047,23.0,16.2083,9.2,4.9381,194.5,14.2,0.2399,27.9,21.0167,13.7,5.0418,252.2,12.9,0.3905,18.3,11.8667,5.4,4.6343,142.4,1405.913,1316.8187,-23.0859,23.4498,14.3466,9.6106,12.2641,58.7998,193.8786666666667,77.141,207.33920833333335
reconquista_aero,SANTA FE,Pampeana,SATR,-29.2,-59.6833,53.0,87270.0,5.3,0.3627,7.7,5.6417,2.4,2.0465,67.7,12.3,0.0631,81.3,74.0333,69.0,4.672,888.4,1.2,0.1003,4.3,3.5417,3.1,0.3554,42.5,138.7,0.5382,162.8,102.15,24.1,54.9792,1225.8,12.9,0.2241,26.4,20.2333,13.5,4.5334,242.8,12.7,0.1702,32.4,26.2333,19.7,4.4655,314.8,12.3,0.2886,21.0,15.1667,8.7,4.3775,182.0,1405.913,1316.8187,-23.0859,23.4498,13.8375,10.1294,6.1141,52.6498,204.30408333333335,74.41727777777778,219.1325416666667
resistencia_aero,CHACO,NEA,SARE,-27.4333,-59.0333,52.0,87155.0,5.3,0.3259,8.0,5.9583,2.7,1.9421,71.5,13.4,0.0622,82.2,74.7333,68.8,4.6496,896.8,1.0,0.0728,4.4,3.7667,3.4,0.2741,45.2,155.5,0.5108,179.9,116.0917,24.4,59.2956,1393.1,12.1,0.2019,26.9,21.275,14.8,4.2961,255.3,11.8,0.1508,33.4,27.6833,21.6,4.175,332.2,11.8,0.2684,21.2,15.75,9.4,4.2266,189.0,1405.913,1316.8187,-23.0859,23.4498,13.7044,10.265,4.3474,50.8831,204.86149999999998,77.58011111111111,212.98320833333335
rio_cuarto_aero,CORDOBA,Pampeana,SAOC,-33.0833,-64.2667,421.0,87453.0,7.3,0.5245,8.8,5.45,1.5,2.8586,65.4,16.8,0.096,73.3,65.4167,56.5,6.2791,785.0,0.9,0.0738,4.0,3.475,3.1,0.2563,41.7,127.7,0.7145,135.4,69.875,7.7,49.9281,838.5,14.2,0.3095,23.0,16.475,8.8,5.0992,197.7,13.4,0.2101,29.1,23.0417,15.7,4.841,276.5,13.8,0.445,17.6,11.1333,3.8,4.9548,133.6,1405.913,1316.8187,-23.0859,23.4498,14.1496,9.8113,9.9974,56.5331,207.93830555555556,73.00891666666665,233.88566666666668
rio_gallegos_aero,SANTA CRUZ,Patagonia,SAWG,-51.6,-69.3,19.0,87925.0,3.6,0.2234,6.4,4.5667,2.8,1.0201,54.8,27.1,0.1601,79.0,64.375,51.9,10.309,772.5,1.2,0.0834,5.5,4.825,4.3,0.4025,57.9,17.7,0.2463,32.2,23.05,14.5,5.6779,276.6,12.1,0.576,13.6,7.75,1.5,4.4641,93.0,14.9,0.4169,20.0,13.2,5.1,5.5036,158.4,9.7,1.3343,7.4,2.625,-2.3,3.5025,31.5,1405.913,1316.8187,-23.0859,23.4498,16.3378,7.5759,28.5141,75.0498,141.21602777777778,73.13297222222222,167.07495833333334
rio_grande_ba,TIERRA DEL FUEG,Patagonia,SAWE,-53.7667,-67.75,22.0,87934.0,4.1,0.2033,7.8,5.7583,3.7,1.1704,69.1,15.7,0.0749,89.1,81.0167,73.4,6.0693,972.2,1.4,0.1003,5.4,4.7417,4.0,0.4757,56.9,22.4,0.2535,38.4,27.125,16.0,6.8771,325.5,10.9,0.694,11.0,5.725,0.1,3.9729,68.7,12.8,0.4602,16.0,10.2167,3.2,4.7022,122.6,8.9,1.9575,5.9,1.625,-3.0,3.1809,19.5,1405.913,1316.8187,-23.0859,23.4498,16.7425,7.1606,30.6808,77.2164,139.13663888888888,68.97630555555554,170.75054166666666
rosario_aero,SANTA FE,Pampeana,SAAR,-32.9,-60.7667,25.0,87480.0,5.3,0.3687,7.9,5.4083,2.6,1.9943,64.9,15.5,0.0778,81.0,72.95,65.5,5.6757,875.4,1.1,0.0973,4.2,3.5833,3.1,0.3486,43.0,115.4,0.5118,138.4,87.7917,23.0,44.9302,1053.5,14.7,0.2924,24.8,17.7583,10.1,5.1933,213.1,14.4,0.2127,30.9,23.9833,16.5,5.1008,287.8,13.8,0.4064,18.7,12.075,4.9,4.9068,144.9,1405.913,1316.8187,-23.0859,23.4498,14.1342,9.827,9.8141,56.3498,202.19516666666667,77.2046388888889,214.50154166666664
salta_aero,SALTA,NOA,SASA,-24.8333,-65.4667,1221.0,87047.0,11.9,0.8747,12.4,5.25,0.5,4.5924,63.0,27.1,0.1313,82.9,71.9,55.8,9.4402,862.8,2.9,0.2216,5.8,4.675,2.9,1.0358,56.1,194.8,1.1153,197.1,61.525,2.3,68.6196,738.3,11.6,0.2503,21.7,16.9,10.1,4.23,202.8,8.6,0.1307,28.4,24.375,19.8,3.1869,292.5,13.9,0.4641,16.8,10.8833,2.9,5.0508,130.6,1405.913,1316.8187,-23.0859,23.4498,13.5169,10.456,1.7474,48.2831,229.20061111111113,86.96555555555555,257.28950000000003
san_antonio_oeste_aero,RIO NEGRO,Patagonia,SAVN,-40.75,-65.0167,20.0,87784.0,1.4,0.1394,3.6,2.9083,2.2,0.4055,34.9,22.0,0.1394,67.5,56.1833,45.5,7.8295,674.2,1.3,0.1242,4.1,3.5,2.8,0.4348,42.0,21.0,0.2722,37.6,24.45,16.6,6.6563,293.4,16.2,0.3988,22.8,14.8167,6.6,5.9085,177.8,17.0,0.2845,30.4,21.8583,13.4,6.2191,262.3,14.7,0.6469,15.7,8.125,1.0,5.2557,97.5,1405.913,1316.8187,-23.0859,23.4498,14.873,9.0736,17.6641,64.1998,202.3301388888889,70.4705,242.41987500000002
san_fernando_aero,BUENOS AIRES,Pampeana,SADF,-34.45,-58.5833,5.0,87553.0,3.2,0.1592,7.4,5.9917,4.2,0.9539,71.9,15.7,0.0737,80.3,72.7667,64.6,5.3649,873.2,1.1,0.1134,4.0,3.4833,2.9,0.395,41.8,70.1,0.2474,122.6,95.325,52.5,23.581,1143.9,14.0,0.2832,24.6,17.6333,10.6,4.9941,211.6,14.1,0.2218,29.5,22.4917,15.4,4.9888,269.9,13.1,0.3672,19.3,12.8083,6.2,4.7031,153.7,1405.913,1316.8187,-23.0859,23.4498,14.2669,9.6918,11.3641,57.8998,199.86391666666665,77.28377777777779,212.44079166666666
san_juan_aero,SAN JUAN,Cuyo,SANU,-31.5667,-68.4167,598.0,87311.0,2.5,0.6862,2.8,1.1583,0.3,0.7948,13.9,24.1,0.1845,62.2,48.225,38.1,8.898,578.7,0.8,0.105,2.9,2.475,2.1,0.2598,29.7,21.2,0.9052,22.5,7.55,1.3,6.8339,90.6,19.8,0.399,27.3,18.025,7.5,7.1918,216.3,18.4,0.253,35.1,26.3917,16.7,6.6762,316.7,19.5,0.6634,19.8,10.55,0.3,6.9992,126.6,1405.913,1316.8187,-23.0859,23.4498,14.0243,9.9391,8.4808,55.0164,242.15308333333334,67.46236111111111,313.14370833333334
san_julian_aero,SANTA CRUZ,Patagonia,SAWJ,-49.3,-67.8,62.0,87909.0,1.5,0.1239,4.6,3.8,3.1,0.471,45.6,23.0,0.1367,74.5,61.9583,51.5,8.4699,743.5,0.9,0.0755,4.7,4.075,3.8,0.3079,48.9,15.1,0.2382,30.6,21.5167,15.5,5.1251,258.2,12.8,0.4729,16.1,9.8417,3.3,4.6541,118.1,15.5,0.3617,22.9,15.7083,7.4,5.6823,188.5,9.9,0.7997,9.4,4.5,-0.5,3.5985,54.0,1405.913,1316.8187,-23.0859,23.4498,15.9609,7.962,26.2141,72.7498,160.23155555555556,69.63483333333333,199.11283333333333
san_luis_aero,SAN LUIS,Cuyo,SAOU,-33.2667,-66.35,713.0,87436.0,7.1,0.5804,8.3,4.7,1.2,2.728,56.4,20.7,0.1354,66.2,55.1667,45.5,7.4701,662.0,0.9,0.0695,4.0,3.4333,3.1,0.2387,41.2,109.9,0.7947,115.3,55.5917,5.4,44.179,667.1,15.2,0.3098,24.8,17.6083,9.6,5.455,211.3,14.9,0.2203,31.6,24.3917,16.7,5.3724,292.7,14.3,0.435,18.3,11.6917,4.0,5.0862,140.3,1405.913,1316.8187,-23.0859,23.4498,14.1651,9.7956,10.1808,56.7164,218.94975,73.12755555555555,258.42866666666663
san_martin_mza,MENDOZA,Cuyo,SAMI,-33.0667,-68.45,653.0,87416.0,4.7,0.6523,5.3,2.325,0.6,1.5167,27.9,21.0,0.1352,69.8,57.7417,48.8,7.808,692.9,1.0,0.1078,3.3,2.6333,2.3,0.2839,31.6,44.9,0.7849,48.0,21.8833,3.1,17.1766,262.6,17.6,0.3789,25.2,16.8167,7.6,6.3714,201.8,17.1,0.252,32.9,24.675,15.8,6.2185,296.1,16.4,0.5567,18.3,10.5083,1.9,5.8503,126.1,1405.913,1316.8187,-23.0859,23.4498,14.1482,9.8128,9.9808,56.5164,227.99597222222226,68.20858333333334,284.1807083333333
san_miguel,BUENOS AIRES,GBA,,-34.54,-58.71,28.0,87570.0,3.3,0.1791,8.1,6.645,4.8,1.1904,79.74,15.5,0.0706,82.5,75.0083,67.0,5.2966,900.1,1.0,0.0884,4.4,3.8833,3.4,0.3433,46.6,80.9,0.286,130.7,94.0417,49.8,26.8944,1128.5,13.9,0.2895,24.1,17.2083,10.2,4.981,206.5,14.7,0.228,30.1,22.8333,15.4,5.2065,274.0,12.8,0.374,18.7,12.2833,5.9,4.5938,147.4,1405.913,1316.8187,-23.0859,23.4498,14.2748,9.6838,11.4541,57.9898,199.86391666666665,77.28377777777779,212.44079166666666
san_rafael_aero,MENDOZA,Cuyo,SAMR,-34.5833,-68.4,748.0,87509.0,4.1,0.3804,5.4,3.5,1.3,1.3314,42.0,22.0,0.1278,68.6,56.4833,46.6,7.2176,677.8,1.0,0.1001,3.4,2.8083,2.4,0.2811,33.7,47.0,0.5106,54.2,30.2417,7.2,15.4417,362.9,17.0,0.3953,23.8,15.3833,6.8,6.0806,184.6,16.4,0.2505,31.8,23.5583,15.4,5.9022,282.7,15.0,0.6386,15.8,8.4083,0.8,5.3694,100.9,1405.913,1316.8187,-23.0859,23.4498,14.2786,9.6799,11.4974,58.0331,226.53308333333337,67.17275000000001,284.5650416666667
santa_rosa_aero,LA PAMPA,Pampeana,SAZR,-36.5833,-64.2667,191.0,87623.0,4.7,0.3724,7.0,4.7083,2.3,1.7532,56.5,22.5,0.112,75.8,64.4417,53.3,7.2149,773.3,1.3,0.1322,4.3,3.6417,3.0,0.4814,43.7,81.7,0.5141,99.0,62.7833,17.3,32.2749,753.4,16.4,0.3762,23.8,15.6583,7.4,5.8912,187.9,17.0,0.2616,31.5,23.125,14.5,6.0491,277.5,14.4,0.5547,16.5,9.3333,2.1,5.1776,112.0,1405.913,1316.8187,-23.0859,23.4498,14.4591,9.4959,13.4974,60.0331,206.19233333333338,70.63561111111112,238.27166666666665
santiago_del_estero_aero,SANTIAGO DEL ES,NOA,SANE,-27.75,-64.2833,199.0,87129.0,7.3,0.6151,7.8,4.4333,0.5,2.7271,53.2,26.1,0.1433,75.3,63.95,49.2,9.1612,767.4,1.8,0.146,4.4,3.7917,2.6,0.5534,45.5,137.7,0.8847,139.3,54.3667,1.6,48.0974,652.4,14.9,0.2622,27.0,20.575,12.1,5.3943,246.9,13.8,0.1774,34.2,28.175,20.4,4.9991,338.1,15.8,0.4055,20.7,14.0583,4.9,5.701,168.7,1405.913,1316.8187,-23.0859,23.4498,13.7279,10.241,4.6641,51.1998,205.34355555555555,79.02600000000001,211.33783333333335
sauce_viejo_aero,SANTA FE,Pampeana,SAAV,-31.7,-60.8,18.0,87371.0,5.2,0.3629,7.7,5.4083,2.5,1.9626,64.9,13.5,0.0689,80.7,73.3,67.2,5.049,879.6,1.0,0.102,3.9,3.25,2.9,0.3317,39.0,117.7,0.5282,143.1,89.65,25.4,47.3543,1075.8,14.2,0.2632,25.7,18.925,11.5,4.9809,227.1,14.0,0.198,31.5,24.775,17.5,4.9057,297.3,13.4,0.3457,20.1,13.7083,6.7,4.7391,164.5,1405.913,1316.8187,-23.0859,23.4498,14.0351,9.9281,8.6141,55.1498,205.42366666666666,74.20527777777778,222.31633333333335
tandil_aero,BUENOS AIRES,Pampeana,SAZT,-37.2333,-59.2167,175.0,87645.0,3.4,0.2183,7.3,5.5583,3.9,1.2132,66.7,17.0,0.0724,81.6,74.6417,64.6,5.4063,895.7,1.1,0.1119,4.4,3.8833,3.3,0.4345,46.6,67.7,0.3005,108.8,76.05,41.1,22.8548,912.6,14.6,0.3811,20.8,13.5417,6.2,5.1609,162.5,15.9,0.2747,28.4,20.4,12.5,5.6029,244.8,12.2,0.6073,13.3,7.1917,1.1,4.3673,86.3,1405.913,1316.8187,-23.0859,23.4498,14.5201,9.4337,14.1474,60.6831,196.13688888888888,75.13063888888888,218.881125
tartagal_aero,SALTA,NOA,SAST,-22.6,-63.7833,450.0,87022.0,9.2,0.6386,9.9,5.625,0.7,3.5919,67.5,31.8,0.1594,82.4,70.3167,50.6,11.2052,843.8,2.4,0.1687,5.3,4.5717,2.9,0.7714,54.86,194.0,0.9404,197.8,83.0917,3.8,78.1354,997.1,11.2,0.1925,26.0,21.4833,14.8,4.1361,257.8,11.0,0.147,32.5,27.975,21.5,4.1119,335.7,11.5,0.258,20.8,16.1833,9.3,4.1761,194.2,1405.913,1316.8187,-23.0859,23.4498,13.3627,10.613,0.4859,46.0498,200.4708888888889,89.87158333333333,177.3312083333333
tinogasta,CATAMARCA,NOA,SANI,-28.0667,-67.55,1201.0,87211.0,4.5,0.9425,4.8,1.6583,0.3,1.5629,19.9,17.5,0.1191,62.7,53.675,45.2,6.3946,644.1,2.3,0.238,4.3,3.025,2.0,0.72,36.3,36.2,1.0806,37.4,11.0833,1.2,11.9764,133.0,16.0,0.3054,26.2,19.1917,10.2,5.8606,230.3,14.2,0.1879,34.2,27.875,20.0,5.2383,334.5,18.7,0.6707,18.9,10.275,0.2,6.8914,123.3,1405.913,1316.8187,-23.0859,23.4498,13.7516,10.2169,4.9808,51.5164,250.81622222222222,72.79772222222223,321.0470833333333
trelew_aero,CHUBUT,Patagonia,SAVT,-43.2,-65.2667,43.0,87828.0,1.7,0.2067,3.9,3.025,2.2,0.6254,36.3,26.1,0.1691,67.5,54.3083,41.4,9.1858,651.7,0.8,0.0761,4.0,3.6917,3.2,0.2811,44.3,13.5,0.2652,25.4,18.175,11.9,4.8206,218.1,15.7,0.4111,21.6,13.7417,5.9,5.6489,164.9,16.9,0.292,29.3,20.9083,12.4,6.1049,250.9,13.4,0.6935,13.7,6.9,0.3,4.7848,82.8,1405.913,1316.8187,-23.0859,23.4498,15.146,8.795,20.1141,66.6498,190.56838888888888,73.05919444444444,223.4300833333333
tres_arroyos,BUENOS AIRES,Pampeana,SAZH,-38.35,-60.2833,115.0,87688.0,2.5,0.1425,7.3,6.1917,4.8,0.8826,74.3,19.6,0.0917,77.7,69.5417,58.1,6.3792,834.5,1.3,0.121,4.9,4.3,3.6,0.5205,51.6,63.8,0.2971,106.5,69.3333,42.7,20.5989,832.0,14.7,0.3639,21.8,14.325,7.1,5.2122,171.9,16.7,0.2829,29.4,20.9583,12.7,5.9294,251.5,12.1,0.4818,15.2,9.075,3.1,4.372,108.9,1405.913,1316.8187,-23.0859,23.4498,14.6278,9.3238,15.2641,61.7998,195.8607777777778,74.9815,215.04983333333334
tucuman_aero,TUCUMAN,NOA,SANT,-26.8333,-65.1,450.0,87121.0,7.3,0.6151,7.8,4.4333,0.5,2.7271,53.2,26.1,0.1433,75.3,63.95,49.2,9.1612,767.4,1.8,0.146,4.4,3.7917,2.6,0.5534,45.5,137.7,0.8847,139.3,54.3667,1.6,48.0974,652.4,13.0,0.2393,25.3,19.7667,12.3,4.7306,237.2,12.3,0.172,31.3,26.1417,19.0,4.497,313.7,13.4,0.3336,20.3,14.5,6.9,4.8375,174.0,1405.913,1316.8187,-23.0859,23.4498,13.6603,10.3099,3.7474,50.2831,219.22219444444445,81.42755555555556,253.90225
ushuaia_aero,TIERRA DEL FUEG,Patagonia,SAWH,-54.8333,-68.3,57.0,87938.0,2.4,0.0947,9.3,8.2583,6.9,0.7821,99.1,10.9,0.0505,81.0,74.7917,70.1,3.7735,897.5,1.1,0.0677,5.9,5.3583,4.8,0.363,64.3,18.6,0.1478,47.0,38.15,28.4,5.6371,457.8,7.2,0.4486,9.5,6.0,2.3,2.6917,72.0,9.1,0.3646,13.6,9.35,4.5,3.4089,112.2,4.58,0.6838,4.72,2.5167,0.14,1.7209,30.2,1405.913,1316.8187,-23.0859,23.4498,16.9637,6.9333,31.7474,78.2831,111.88352777777777,71.1571388888889,124.33820833333333
venado_tuerto_aero,SANTA FE,Pampeana,SAFV,-33.6667,-61.95,112.0,87468.0,5.46,0.4074,7.46,5.1783,2.0,2.1099,62.14,11.9,0.0594,80.9,75.825,69.0,4.5056,909.9,0.9,0.104,3.8,3.2917,2.9,0.3423,39.5,118.2,0.5732,135.9,75.41,17.7,43.2222,904.92,14.2,0.309,23.0,16.4083,8.8,5.0707,196.9,13.7,0.2112,29.7,23.4833,16.0,4.9587,281.8,13.3,0.466,16.6,10.275,3.3,4.7883,123.3,1405.913,1316.8187,-23.0859,23.4498,14.1992,9.7609,10.5808,57.1164,203.16988888888895,75.47416666666665,221.17983333333333
viedma_aero,RIO NEGRO,Patagonia,SAVV,-40.85,-63.0,7.0,87791.0,1.3,0.0984,4.5,3.8333,3.2,0.3774,46.0,24.4,0.1378,73.8,62.3583,49.4,8.5906,748.3,1.5,0.145,4.3,3.6083,2.8,0.523,43.3,29.8,0.2636,53.0,31.925,23.2,8.4168,383.1,15.4,0.391,22.1,14.3167,6.7,5.5983,171.8,16.6,0.2831,29.7,21.3667,13.1,6.0497,256.4,13.3,0.6182,14.7,7.8417,1.4,4.8476,94.1,1405.913,1316.8187,-23.0859,23.4498,14.8837,9.0628,17.7641,64.2998,194.90908333333334,74.17830555555555,221.09124999999997
villa_de_maria_del_rio_seco,CORDOBA,Pampeana,SACV,-29.9,-63.7167,341.0,87244.0,7.3,0.5962,7.9,4.7333,0.6,2.8218,56.8,16.8,0.0839,81.9,73.9917,65.1,6.2072,887.9,1.6,0.1247,4.4,3.7,2.8,0.4612,44.4,115.4,0.7573,120.3,62.7417,4.9,47.516,752.9,14.6,0.2875,24.5,17.8417,9.9,5.1288,214.1,13.1,0.1821,31.8,25.575,18.7,4.6566,306.9,12.28,0.3812,17.8,12.0183,5.52,4.5816,144.22,1405.913,1316.8187,-23.0859,23.4498,13.8917,10.0742,6.8141,53.3498,208.6383888888889,78.56075,222.72179166666663
villa_dolores_aero,CORDOBA,Pampeana,SAOD,-31.95,-65.1333,569.0,87328.0,7.5,0.6267,8.5,4.75,1.0,2.977,57.0,24.5,0.1473,72.9,60.6,48.4,8.9238,727.2,1.1,0.0914,3.8,3.25,2.7,0.297,39.0,106.6,0.8019,111.3,53.3917,4.7,42.8127,640.7,15.4,0.3009,25.4,18.3583,10.0,5.5241,220.3,14.6,0.2039,32.7,25.95,18.1,5.2919,311.4,14.0,0.4134,18.4,12.0667,4.4,4.9884,144.8,1405.913,1316.8187,-23.0859,23.4498,14.0555,9.9073,8.8641,55.3998,223.80427777777777,73.68938888888889,260.1774166666667
villa_reynolds_aero,SAN LUIS,Cuyo,SAOR,-33.7167,-65.3667,486.0,87448.0,7.3,0.4872,9.1,5.6833,1.8,2.7689,68.2,16.5,0.0919,77.4,68.7083,60.9,6.3125,824.5,0.7,0.0546,4.1,3.675,3.4,0.2006,44.1,95.6,0.6239,105.4,60.3583,9.8,37.6591,724.3,16.3,0.3694,23.3,15.6917,7.0,5.7963,188.3,14.1,0.2042,31.2,24.5667,17.1,5.0166,294.8,15.8,0.6957,15.5,8.1583,-0.3,5.6754,97.9,1405.913,1316.8187,-23.0859,23.4498,14.2035,9.7565,10.6308,57.1664,215.12269444444442,75.29086111111111,246.71562499999996
